{
  "version": 1,
  "author": "Fabio Henrique Cabrini",
  "editor": "wokwi",
  "parts": [
    { "type": "wokwi-esp32-devkit-v1", "id": "esp", "top": 4.7, "left": 4.6, "attrs": {} },
    {
      "type": "wokwi-photoresistor-sensor",
      "id": "ldr1",
      "top": 47.7,
      "left": -159.1,
      "rotate": 90,
      "attrs": {}
    }
  ],
  "connections": [
    [ "esp:TX0", "$serialMonitor:RX", "", [] ],
    [ "esp:RX0", "$serialMonitor:TX", "", [] ],
    [ "ldr1:AO", "esp:D34", "green", [ "v28.8", "h77.5", "v-134.2" ] ],
    [ "ldr1:VCC", "esp:3V3", "red", [ "v57.6", "h182.4", "v-57.6" ] ],
    [ "ldr1:GND", "esp:GND.1", "black", [ "v67.2", "h202", "v-76.7" ] ]
  ],
  "dependencies": {}
}